{"params": [[0.773956048523372, 0.9097361061618943, 0.4842662547525053], [0.8021245122896, 0.371486759434821, 0.577824957624857], [1.0773858584905736, 1.0597833475810081, -0.3669475914719144], [-0.1063546392138388, 0.1700788692714304, 0.926764988849224], [0.6438651200895381, 0.24940624961957847, 0.8032203954894775], [0.7304671561745972, -0.027882927654080056, 0.0899027049044162], [1.3898778271848669, 0.4383431412404694, 1.054492349011904], [0.6093018021362977, 1.3900338991336119, 0.8931211213194602]], "bias": [[0.7783834970822662, 0.7624922170118558, 0.4542104959031047], [0.031293257963299244, -0.4084897769924532, 0.7635071382928975], [0.8252203409582602, 1.2851103621984008, -0.1873474112039335], [-0.1427130633072166, 0.28485131879521247, 0.18947135908631405], [0.1299215053411344, -0.06758557830844748, 0.5982587817989325], [1.0411634274305588, 0.22409571637694148, 1.1376504047594245], [1.0052373107038364, -0.1944351426307367, 0.9033236845906425], [0.8758282406922432, -0.16120714703571076, 0.28832810393094105]]}