{"params": [[0.7739560485559633, 0.4388784397520523, 0.8585979199113825], [0.6973680290593639, 0.09417734788764953, 0.9756223516367559], [0.761139701990353, 0.7860643052769538, 0.12811363267554587], [0.45038593789556713, 0.37079802423258124, 0.9267649888486018], [0.6438651200806645, 0.82276161327083, 0.44341419882733113], [0.2272387217847769, 0.5545847870158348, 0.06381725610417532], [0.8276311719925821, 0.6316643991220648, 0.7580877400853738], [0.35452596812986836, 0.9706980243949033, 0.8931211213221977]], "bias": [[0.7783834970737619, 0.19463870785196757, 0.4667210037270342], [0.04380376578722878, 0.15428949206754783, 0.6830489532424546], [0.7447621559078171, 0.96750973243421, 0.32582535813815194], [0.3704597060348689, 0.4695558112758079, 0.1894713590842857], [0.12992150533547164, 0.47570492622593374, 0.2269093490508841], [0.6698139946825103, 0.43715191887233074, 0.8326781960578374], [0.7002651020022491, 0.31236664138204107, 0.8322598013952011], [0.8047643574968019, 0.38747837903017446, 0.2883281039302441]]}