{"params": [[0.7739560485532543, 0.8491471156254571, 0.5428721294919575], [0.8437986359728763, 0.5413766072340924, 0.7317599396504264], [0.8454063627475485, 0.9069517808096537, -0.3882478485724253], [0.6360466254858577, 0.44303287686902854, 0.9267649888457411], [0.6438651200626189, 0.4504520165916825, 0.4008534642491274], [0.03274512602457918, 0.20300610043664155, -0.12146065751953518], [1.2106221580819576, 1.0634931575147963, 0.8503049429461911], [0.4276554784564397, 1.565082291743893, 0.893121121322795]], "bias": [[0.7783834970690257, 0.7731854696598157, 0.48379033122500986], [0.06087309328520447, -0.39304636496219025, 0.5928504873207957], [0.6545636899861581, 1.3958852085241817, -0.2450635508985451], [-0.20042920300182815, 0.43198297863993207, 0.18947135908114732], [0.12992150533141392, 0.40328660684356876, -0.3154956671915568], [0.12740897844006938, 0.3376276258098579, 0.3694815616825469], [0.23706846762695843, -0.1775210056066331, 0.2700278581654603], [0.2425324142670614, -0.1376945144328499, 0.28832810393066105]]}